Name,DateOfBirth,DateOfDeath,Type
"Keidel, Karl",1902,1981,personal
"Beckmann, Hannes",1909,1977,personal
"Klopfer, Paul",1876,1967,personal
"Frank, Ellen",1904,1999,personal
"Lange, Annemarie",1907,1976,personal
"Hoff, August",1892,1971,personal
"Sebök, Stefan",1901,1942,personal
"Kunowski, Gertrud von",1877,1960,personal
"Tappolet, Bertha",1897,1947,personal
"Benscheidt, Karl",1888,1975,personal
"Reimann, Friedrich",1912,,personal
"Bahelfer, Moshe",1908,1995,personal
"Flach, Jakob",1894,1982,personal
"Zádor, Istvan",1882,1963,personal
"Golyscheff, Jef",1897,1970,personal
"Wiener, Paul Lester",1895,1967,personal
"Roedl, Urban",1888,1968,personal
"Frahm-Hessler, Franz",1898,1990,personal
"Geist, Hans Friedrich",1901,,personal
"Thun, Hedwig",1892,1969,personal
"Rey, Margret",1906,1996,personal
"Wimmer, Martin",1928,,personal
"Meyer, Erna",1890,1975,personal
"Krämer, Karl Emerich",1918,28.02.1987,personal
"Göhl, Ernst",1907,1944,personal
"Stryi, Gerda",1905,1992,personal
"Mikeleitis, Edith",1905,1964,personal
"Chomton, Werner",1895,1953,personal
"Stasny, Peter",1958,,personal
"Lang, Lothar",1907,1974,personal
"Bunzel, Hermann",1901,1985,personal
"Beust, Hermann",1906,1987,personal
"Hüffner, Fritz C.",1909,1992,personal
"Schäfter, Alfred",1902,1970,personal
"Schenk zu Schweinsberg, Eberhard",1893,1990,personal
"Schwedler, Rolf",1914,1981,personal
"Pechmann, Günther von",1882,1968,personal
"Bauer, Carl",1909,1999,personal
"Netzel, Eugen",1903,1944,personal
"Forberg, Ati",1925,,personal
"Gova, Sabine",1901,2000,personal
"Seelmann-Eggebert, Ulrich",1919,1991,personal
"Abegg, Elisabeth",1896,1944,personal
"Zerndt, Wilhelm",1908,1988,personal
"Hauck, Adele <""Addy"">",1892,1988,personal
"Hauck, Maria",1922,,personal
"Winkelmayer, Elisabeth",1896,1978,personal
"Driesch-Foucar, Lydia",1895,1980,personal
"Letzelter, Franz",1926,,personal
"Jackson, Werner",1904,1984,personal
"Wottitz, Anni",1900,1945,personal
"Kreuzberg, Claus",1912,1980,personal
"Schwoon, Karl",1908,1976,personal
"Kramer, Ferdinand",1901,2001,personal
"Mendelsohn, Heinrich",1881,1959,personal
"Grüß, Ursula",1933,,personal
"Kállai, Erno",1890,1954,personal
"Ziegfeld, Arnold Hillen",1894,1964,personal
"Wilckens, Leonie von",1921,1997,personal
"Wingler, Hans Maria",1920,1984,personal
"Yorck, Ruth",1909,1966,personal
"Herzogenrath, Wulf",1944,,personal
"Räder, Hermann",1915,1984,personal
"Chermayeff, Ivan",1932,,personal
"Abel, Adolf",1882,1968,personal
"László, Alexander",1895,1970,personal
"Pap, Gyula",1899,1983,personal
"Kamnitzer, Peter",1921,1998,personal
"Debschitz, Wilhelm",1871,1948,personal
"Kanow, Ernst",1906,1993,personal
"Wieszner, Georg Gustav",1893,1969,personal
"Passarge, Walter",1898,1958,personal
"Pehnt, Wolfgang",1931,,personal
"Perkins, Dexter",1889,,personal
"Desch, Cecil Henry",1874,1958,personal
"Peschel, Hugo",1905,1980,personal
"Peterich, Eckart",1900,1968,personal
"Beck, Ernst Louis",1908,1957,personal
"Keler, Peter",1898,1982,personal
"Berger, Otti",1898,1944,personal
"Petzet, Wolfgang",1896,1985,personal
"Kerz, Leo",1912,,personal
"Bernson, Bernhard",1888,1963,personal
"Berthold, Johannes",1898,1987,personal
"Bier, Justus",1899,1990,personal
"Dollinger, Hans",1929,,personal
"Philipp, Hans",1884,1968,personal
"Domin, Friedrich",1902,1961,personal
"Blake, Edwin Mortimer",1868,,personal
"Bloesch, Hans",1878,1945,personal
"Plaut, Werner",,1951,personal
"Dreier, Katherine Sophie",1877,1952,personal
"Bockelmann, Werner",1907,,personal
"Drewes, Werner",1899,1985,personal
"Wever, Anne",1899,1968,personal
"Abel, Paul",1874,1971,personal
"Klumpp, Hermann",1902,1987,personal
"Koch, Fritz",1911,1952,personal
"Scholl, Inge",1917,1998,personal
"Köhler, Wilhelm",1884,1959,personal
"Alfieri, Dino",1886,1966,personal
"Allesch, Gustav Johannes von",1882,1967,personal
"Allner, Walter",1909,2006,personal
"Köster, Arthur",1890,1965,personal
"Przygode, Wolf",1895,1926,personal
"Rakette, Egon H.",1909,1991,personal
"Ralfs, Käte",1898,1995,personal
"Ramseger, Georg",1912,1996,personal
"Rath, Ingeborg von",1902,1984,personal
"Arens, Hanns",1901,1983,personal
"Eckstein, Hans",1898,1985,personal
"Häberer, Paul",1902,1978,personal
"Haftmann, Werner",1912,1999,personal
"Galston, Gottfried",1879,1950,personal
"Fahrenkamp, Emil",1885,1966,personal
"Reiss, Hilde",16.09.1909,,personal
"Reitz, Robert",1884,1951,personal
"Brauer, Eduard",1903,1986,personal
"Feininger, Julia",1881,1970,personal
"Bredendieck, Hinrich",1904,1995,personal
"Renner, Otto",1883,1960,personal
"Carlé, Walter",1912,1996,personal
"Gay, Peter",1923,,personal
"Gebhard, Max",1906,1990,personal
"Fichte, Richard Emil",22.07.1896,12.01.1982,personal
"Engemann, Friedrich",1898,1970,personal
"Ribbentrop, Lore",1902,1986,personal
"Fischer, Margaretha",1893,1977,personal
"Hegemann, Werner",1881,1936,personal
"Gernat, Alfred",1894,1949,personal
"Rössger, Wolfgang",1909,1987,personal
"Rohe, Georgia van der",1914,,personal
"Rosbaud, Paul",1896,1963,personal
"Rose, Hajo",1910,1989,personal
"Kupferberg, Florian",1773,1851,personal
"Maatsch, Thilo",1900,1983,personal
"Cohen, Arthur Allen",1928,1986,personal
"Flouquet, Pierre-Louis",1900,1967,personal
"Collein, Edmund",1906,1992,personal
"Collein, Lotte",1905,,personal
"Rothe, Edith",1897,1989,personal
"Foltyn, Ladislav",1906,2002,personal
"Consemüller, Ruth",1904,1993,personal
"Rotzler, Willy",1917,1994,personal
"Heinze, Fritz",1904,1958,personal
"Hellwag, Fritz",1871,1950,personal
"Ruhmer, Eberhard",1917,1996,personal
"Rukser, Udo",1892,1971,personal
"Langmaack, Gerhard",1898,1986,personal
"Hermann, Wolf",1903,1988,personal
"Herrigel, Eugen",1884,1955,personal
"Frenk, Mariana",1898,2004,personal
"Curjel, Hans",1896,1974,personal
"Saltonstall, Leverett",01.09.1892,17.06.1979,personal
"Freud, Ernst L.",1892,1970,personal
"Heubner, Wolfgang",1877,1957,personal
"Hildebrandt, Hans",1878,1957,personal
"Graef, Botho",1857,1917,personal
"Gräf, Lili",1897,1975,personal
"Schöffler, Heinz",1921,1973,personal
"Lauritzen, Lauritz",1910,,personal
"Gropius, Ise",1897,1983,personal
"Mersmann, Hans",1891,1971,personal
"Leonhard, Kurt",1910,2005,personal
"Hodin, Josef Paul",1905,1996,personal
"Hönig, Eugen",1873,1945,personal
"Neske, Günther",1913,1997,personal
"Leppien, Susanne",1907,1982,personal
"Lerner, Max",1902,1992,personal
"Neundörfer, Ludwig",1901,1975,personal
"Niegeman, Johan",1902,1977,personal
"Meyer-Waldeck, Wera",1906,1964,personal
"Linde, Horst",1912,2016,personal
"Nierendorf, Karl",1889,1947,personal
"Noack, Werner",1888,1969,personal
"Schreiber, Fritz",1910,1967,personal
"Mittler, Leo",1893,1958,personal
"Moholy-Nagy, Sibyl",1903,1971,personal
"Schardt, Alois",1889,1955,personal
"Molzahn, Ilse",1895,1981,personal
"Moufang, Nicola",1886,1967,personal
"Osborn, Max",1870,1946,personal
"Burger, Fritz",1877,1916,personal
"Müller-Wulckow, Walter",1886,1964,personal
"Stanley, Ilse",11.03.1906,21.07.1970,personal
"Tokayer, José",1911,1972,personal
"Scheurleer, Lunsingh C... W...",1881,1941,personal
"Scheyer, Ernst",1900,1985,personal
"Scheper-Berkenkamp, Lou",1901,1976,personal
"Weidanz, Gustav",1889,1970,personal
"Weidhaas, Hermann",1903,1978,personal
"Stein, Fred",1909,1967,personal
"Weidler, Charlotte",1895,1983,personal
"Tavel, Hans Christoph von",1935,,personal
"Steinitz, Kate Traumann",1889,1975,personal
"Stölzel, Gunta",1897,1983,personal
"Stölzl, Erwin",1893,1947,personal
"Steneberg, Eberhard",1914,1996,personal
"Stenger, Erich",1878,1957,personal
"Weise, Robert",1870,1923,personal
"Ulich, Robert",1890,1977,personal
"Ludwig, Eduard",1906,1960,personal
"Schlee, Alfred",1901,1999,personal
"Ullstein, Heinz",1893,1973,personal
"Werner, Bruno E.",1896,1964,personal
"Thedy, Max",1858,1924,personal
"Schlemmer, Tut",1890,1987,personal
"Valentin, Curt",1902,1954,personal
"Ströher, Karl",1890,1977,personal
"Siepen, Bernhard",1885,1965,personal
"Sievers, Johannes",1880,1969,personal
"Tietze, Hans",1880,1954,personal
"Tinzmann, Julius",1907,1982,personal
"Wilhelm Ernst <Sachsen-Weimar-Eisenach, Großherzog>",1876,1923,personal
"Willett, John",1917,,personal
"Willing, Heinrich",1907,1985,personal
"Vietta, Egon",1903,1959,personal
"Tümpel, Wolfgang",1903,1978,personal
"Sörgel, Herman",1885,1952,personal
"Selmanagic, Selman",1905,1986,personal
"Spies, Daisy",1906,2000,personal
"Rath, Karl vom",1915,,personal
"Block, Otto",1901,1977,personal
"Esdaile, Arundell James Kennedy",1880,1956,personal
"Schmidt, Paul Ferdinand",1878,1955,personal
"Schmidt, Kurt",1901,1991,personal
"Ostwald, Helene",1854,,personal
"Peus, Heinrich",1862,1937,personal
"Porstmann, Walter",1886,1959,personal
"Hödl, Heinrich",1903,1987,personal
"Thwaites, John Anthony",1909,1981,personal
"Borelly, Wolfgang",1906,,personal
"Otto, Karl",1904,1975,personal
"Völckers, Otto",1888,1957,personal
"Diederichs, Niels",,1973,personal
"Behne, Elfriede",1883,1960,personal
"Behrendt, Walter Curt",1884,1945,personal
"Aalto, Alvar",1898,1976,personal
"Ackermann, Max",1887,1975,personal
"Aicher, Otl",1922,1991,personal
"Albers, Josef",1888,1976,personal
"Arendt, Hannah",1906,1975,personal
"Arp, Hans",1887,1966,personal
"Balden, Theo",1904,1995,personal
"Ball, Hugo",1886,1927,personal
"Bargheer, Eduard",1901,1979,personal
"Barlach, Ernst",1870,1938,personal
"Bartning, Otto",1883,1959,personal
"Batz, Eugen",1905,1986,personal
"Baumeister, Willi",1889,1955,personal
"Bayer, Herbert",1900,1985,personal
"Becher, Ulrich",1910,1990,personal
"Beckmann, Max",1884,1950,personal
"Behrens, Peter",1868,1940,personal
"Belling, Rudolf",1886,1972,personal
"Benemann, Maria",1887,1980,personal
"Benjamin, Walter",1892,1940,personal
"Benn, Gottfried",1886,1956,personal
"Bense, Max",1910,1990,personal
"Berg, Alban",1885,1935,personal
"Berke, Hubert",1908,1979,personal
"Berlage, Hendrik Petrus",1856,1934,personal
"Bernoulli, Hans",1876,1959,personal
"Bill, Max",1908,1994,personal
"Binder, Joseph",1898,1972,personal
"Bissier, Julius",1893,1965,personal
"Blase, Karl Oskar",1925,,personal
"Blossfeldt, Karl",1865,1932,personal
"Blumenfeld, Erwin",1897,1969,personal
"Böhm, Franz",1895,1977,personal
"Böker, Robert",1885,1980,personal
"Bonatz, Paul",1877,1956,personal
"Brandt, Willy",1913,1992,personal
"Breiter, Herbert",1927,1999,personal
"Breker, Arno",1900,1991,personal
"Brock, Bazon",1936,,personal
"Buchheim, Lothar-Günther",1918,2007,personal
"Buchheister, Carl",1890,1964,personal
"Buchholz, Erich",1891,1972,personal
"Calderara, Antonio",1903,1978,personal
"Campendonk, Heinrich",1889,1957,personal
"Chagall, Marc",1887,1985,personal
Christo,1935,,personal
"Citroen, Paul Roelof",1896,1983,personal
"Cizek, Franz",1865,1946,personal
"Coester, Otto",1902,1990,personal
"Crodel, Charles",1894,1973,personal
"Debus, Maximilian",1904,1981,personal
"Delaunay, Robert",1885,1941,personal
"Delaunay, Sonia",1885,1979,personal
"Dessau, Paul",1894,1979,personal
"Dix, Otto",1891,1969,personal
"Döcker, Richard",1894,1968,personal
"Doesburg, Theo van",1883,1931,personal
"Duchamp, Marcel",1887,1968,personal
"Dürckheim, Karlfried",1896,1988,personal
"Edison, Thomas A.",1847,1931,personal
"Einstein, Albert",1879,1955,personal
"Einstein, Carl",1885,1940,personal
"Eliot, Thomas S.",1888,1965,personal
"Engel, Ludwig",1906,1975,personal
"Ensor, James",1860,1949,personal
"Erfurth, Hugo",1874,1948,personal
"Erhard, Ludwig",1897,1977,personal
"Erni, Hans",1909,,personal
"Ernst, Max",1891,1976,personal
"Ey, Johanna",1864,1947,personal
"Fehling, Hermann",1909,,personal
"Feininger, Lyonel",1871,1956,personal
"Felixmüller, Conrad",1897,1977,personal
"Feuchtwanger, Lion",1884,1958,personal
"Fischli, Hans",1909,1989,personal
"Flitner, Wilhelm",1889,1990,personal
"Förster-Nietzsche, Elisabeth",1846,1935,personal
"Frank, Josef",1885,1967,personal
"Frei, Bruno",1897,1988,personal
"Freimann, Christoph",1940,,personal
"Freund, Gisèle",1908,2000,personal
"Freundlich, Otto",1878,1943,personal
"Fried, Kurt",1906,1981,personal
"Fruhtrunk, Günter",1923,1982,personal
"Gabo, Naum",1890,1977,personal
"Gerstner, Karl",1930,,personal
"Giacometti, Alberto",1901,1966,personal
"Glarner, Fritz",1899,1972,personal
"Glöckner, Hermann",1889,1987,personal
"González, Julio",1876,1942,personal
"Graeser, Camille",1892,1980,personal
"Gresko, Georg",1920,1962,personal
"Gropius, Walter",1883,1969,personal
"Grosz, George",1893,1959,personal
"Grzimek, Waldemar",1918,1984,personal
"Guggenheim, Peggy",1898,1979,personal
"Haas, Leo",1901,1983,personal
"Hablik, Wenzel",1881,1934,personal
"Haesler, Otto",1880,1962,personal
"Haffenrichter, Hans",1897,1981,personal
"Hajek, Otto Herbert",1927,2005,personal
"Hartung, Hans",1904,1989,personal
"Hauer, Josef Matthias",1883,1959,personal
"Hauptmann, Ivo",1886,1973,personal
"Hausmann, Raoul",1886,1971,personal
"Heartfield, John",1891,1968,personal
"Heckel, Erich",1883,1970,personal
"Heemskerck, Jacoba van",1876,1923,personal
"Hegenbarth, Josef",1884,1962,personal
"Heiliger, Bernhard",1915,1995,personal
"Henselmann, Hermann",1905,1995,personal
"Herzger, Walter",1901,1985,personal
"Heuss, Theodor",1884,1963,personal
"Heynicke, Kurt",1891,1985,personal
"Hildebrandt, Wolf",1904,1999,personal
"Hildesheimer, Wolfgang",1916,1991,personal
"Hiller, Anton",1893,1985,personal
"Hirche, Herbert",1910,2002,personal
"Höch, Hannah",1889,1978,personal
"Hölzel, Adolf",1853,1934,personal
"Hoepffner, Marta",1912,2000,personal
"Hoerle, Heinrich",1895,1936,personal
"Hoetger, Bernhard",1874,1949,personal
"Hofer, Karl",1878,1955,personal
"Hoffmann, Josef",1870,1956,personal
"Hofmann, Hans",1880,1966,personal
"Holtorf, Hans",1899,1984,personal
"Holzmeister, Clemens",1886,1983,personal
"Horváth, Ödön von",1901,1938,personal
"Hrdlicka, Alfred",1928,2009,personal
"Hubbuch, Karl",1891,1979,personal
"Huelsenbeck, Richard",1892,1974,personal
"Hundertwasser, Friedensreich",1928,2000,personal
"Huxley, Julian",1887,1975,personal
"Jaenisch, Hans",1907,1989,personal
"Jahns, Rudolf",1896,1983,personal
"Jawlensky, Alexej von",1864,1941,personal
"Jeanneret, Pierre",1896,1965,personal
"Johnson, Lyndon B.",1908,1973,personal
"Jung, Franz",1888,1963,personal
"Kahn, Louis I.",1901,1974,personal
"Kandinsky, Nina",1896,1980,personal
"Kandinsky, Wassily",1866,1944,personal
"Kassák, Lajos",1887,1967,personal
"Kaus, Max",1891,1977,personal
"Kempe, Fritz",1909,1988,personal
"Onassis, Jacqueline Kennedy",1929,1994,personal
"Kennedy, John F.",1917,1963,personal
"Kerkovius, Ida",1879,1970,personal
"Kerschbaumer, Anton",1885,1931,personal
"Kertész, André",1894,1985,personal
"Kessler, Harry",1868,1937,personal
"Keynes, John Maynard",1883,1946,personal
"Kirchner, Ernst Ludwig",1880,1938,personal
"Klee, Paul",1879,1940,personal
"Klein, Yves",1928,1962,personal
"Klemm, Walther",1883,1957,personal
"Klemperer, Otto",1885,1973,personal
"Klemperer, Victor",1881,1960,personal
"Koch, Thilo",1920,2006,personal
"Kogan, Moissey",1879,1943,personal
"Kokoschka, Oskar",1886,1980,personal
"Korn, Karl",1908,1991,personal
"Kracauer, Siegfried",1889,1966,personal
"Kramer, Ferdinand",1898,1985,personal
"Kranz, Kurt",1910,1997,personal
"Krenek, Ernst",1900,1991,personal
"Krull, Germaine",1897,1985,personal
"Kubin, Alfred",1877,1959,personal
"Kuhfuß, Paul",1883,1960,personal
"Laban, Rudolf von",1879,1958,personal
"Lange, Horst",1904,1971,personal
"Langner, Ilse",1899,1987,personal
"Lasker-Schüler, Else",1869,1945,personal
"Steidle, Otto",1943,2004,personal
"Léger, Fernand",1881,1955,personal
"Leiris, Michel",1901,1990,personal
"Lenz, Siegfried",1926,2014,personal
"Liessner-Blomberg, Elena",1897,1978,personal
"Lipchitz, Jacques",1891,1973,personal
"Lisickij, Lazar' M.",1890,1941,personal
"List, Herbert",1903,1975,personal
"Loewy, Raymond",1893,1986,personal
"Lohse, Richard Paul",1902,1988,personal
"Loos, Adolf",1870,1933,personal
"Luther, Hans",1879,1962,personal
"Macke, August",1887,1914,personal
"Mackensen, Fritz",1866,1953,personal
"Mackintosh, Charles Rennie",1868,1928,personal
"MacLeish, Archibald",1892,1982,personal
"Märten, Lu",1879,1970,personal
"Mahlau, Alfred",1894,1967,personal
"Mahler, Anna",1904,1988,personal
"Mahler, Gustav",1860,1911,personal
"Mahler-Werfel, Alma Maria",1879,1964,personal
"Malraux, André",1901,1976,personal
"Mammen, Jeanne",1890,1976,personal
"Mann, Thomas",1875,1955,personal
"Mantz, Werner",1901,1983,personal
"Marc, Franz",1880,1916,personal
"Marcks, Gerhard",1889,1981,personal
"Marcuse, Ludwig",1894,1971,personal
"Masereel, Frans",1889,1972,personal
"Mataré, Ewald",1887,1965,personal
"Matta, Roberto Sebastian",1911,2002,personal
"Mattern, Hermann",1902,1971,personal
"Mattis Teutsch, Janos",1884,1960,personal
"Mebes, Paul",1872,1938,personal
"Mehring, Walter",1896,1981,personal
"Meier, Richard",1934,,personal
"Meistermann, Georg",1911,1990,personal
"Mendelsohn, Erich",1887,1953,personal
"Menuhin, Yehudi",1916,1999,personal
"Meyer, Hannes",1889,1954,personal
"Mies van der Rohe, Ludwig",1886,1969,personal
"Migge, Leberecht",1881,1935,personal
"Miró, Joan",1893,1983,personal
"Modigliani, Amedeo",1884,1920,personal
"Moholy-Nagy, László",1895,1946,personal
"Moll, Oskar",1875,1947,personal
"Mondrian, Piet",1872,1944,personal
"Moore, Charles Willard",1925,1993,personal
"Moore, Henry",1898,1986,personal
"Moos, Max von",1903,1979,personal
"Morandi, Giorgio",1890,1964,personal
"Morris, William",1834,1896,personal
"Moser, Karl",1860,1936,personal
"Muche, Georg",1895,1987,personal
"Müller-Hellwig, Alen",1901,1993,personal
"Münter, Gabriele",1877,1962,personal
"Muthesius, Hermann",1861,1927,personal
"Nay, Ernst Wilhelm",1902,1968,personal
"Nervi, Pier Luigi",1891,1979,personal
"Neumann, Otto",1895,1975,personal
"Neurath, Otto",1882,1945,personal
"Newton, Helmut",1920,2004,personal
"Niemeyer, Johannes",1889,1980,personal
"Niemeyer, Oscar",1907,,personal
"Nixon, Richard M.",1913,1994,personal
"Nolde, Emil",1867,1956,personal
"Nussbaum, Felix",1904,1944,personal
"Olbrich, Joseph Maria",1867,1908,personal
"Ossietzky, Carl von",1889,1938,personal
"Osthaus, Karl Ernst",1874,1921,personal
"Ostwald, Wilhelm",1853,1932,personal
"Otten, Karl",1889,1963,personal
"Otto, Frei",1925,,personal
"Pankok, Otto",1893,1966,personal
"Paulick, Richard",1903,1979,personal
"Pewas, Peter",1904,1984,personal
"Pfeiffer, Henri",1907,1994,personal
"Piscator, Erwin",1893,1966,personal
"Plecnik, Joze",1872,1957,personal
"Plischke, Ernst Anton",1903,1992,personal
"Posener, Julius",1904,1996,personal
"Probst, Franz",1903,1980,personal
"Radziwill, Franz",1895,1983,personal
"Rauschenberg, Robert",1925,2008,personal
"Ray, Man",1890,1976,personal
"Read, Herbert Edward",1893,1968,personal
"Reger, Max",1873,1916,personal
"Reichel, Hans",1892,1958,personal
"Renger-Patzsch, Albert",1897,1966,personal
"Reuter, Ernst",1889,1953,personal
"Richter, Hans",1888,1976,personal
"Riefenstahl, Leni",1902,2003,personal
"Riemerschmid, Richard",1868,1957,personal
"Rietveld, Gerrit Thomas",1888,1964,personal
"Röhricht, Wolf",1886,1953,personal
"Roh, Franz",1890,1965,personal
"Rohlfs, Christian",1849,1938,personal
"Rosenthal, Philip",1916,2001,personal
"Roskot, Kamil",1886,1945,personal
"Rossi, Aldo",1931,1997,personal
"Rossow, Walter",1910,1992,personal
"Ruhnau, Werner",1922,,personal
"Salomon, Erich",1886,1944,personal
"Salvisberg, Otto R.",1882,1940,personal
"Sander, August",1876,1964,personal
"Schad, Christian",1894,1982,personal
"Scharl, Josef",1896,1954,personal
"Scharoun, Hans",1893,1972,personal
"Schattner, Karljosef",1924,,personal
"Schawinsky, Xanti",1904,1979,personal
"Scheerbart, Paul",1863,1915,personal
"Schiele, Egon",1890,1918,personal
"Schinkel, Karl Friedrich",1781,1841,personal
"Schlaf, Johannes",1862,1941,personal
"Schlemmer, Oskar",1888,1943,personal
"Schlotter, Eberhard",1921,,personal
"Schneiders, Carl",1905,1975,personal
"Schönberg, Arnold",1874,1951,personal
"Schumacher, Emil",1912,1999,personal
"Schumacher, Fritz",1869,1947,personal
"Schwarz, Rudolf",1897,1961,personal
"Schwippert, Hans",1899,1973,personal
"Schwitters, Kurt",1887,1948,personal
"Seidler, Harry",1923,2006,personal
"Seitz, Gustav",1906,1969,personal
"Semper, Gottfried",1803,1879,personal
"Servranckx, Victor",1897,1965,personal
"Sarôn, Arye",1900,1984,personal
"Siegel, Harro",1900,1985,personal
"Sitte, Willi",1921,08.06.2013,personal
"Spaemann, Heinrich",1904,2001,personal
"Speer, Albert",1905,1981,personal
"Steinberg, Saul",1914,1999,personal
"Steinbrenner, Hans",1928,2008,personal
"Steiner, Rudolf",1861,1925,personal
"Stenner, Hermann",1891,1914,personal
"Strecker, Paul",1898,1950,personal
"Stuckenschmidt, Hans Heinz",1901,1988,personal
"Sundberg, Alan Frederick",1948,,personal
"Tange, Kenzo",1913,2005,personal
"Tappert, Georg",1880,1957,personal
"Taut, Bruno",1880,1938,personal
"Tessenow, Heinrich",1876,1950,personal
"Thiemann, Hans",1910,1977,personal
"Tillich, Paul",1886,1965,personal
"Tinguely, Jean",1925,1991,personal
"Trudeau, Pierre Elliott",1919,2000,personal
"Tschichold, Jan",1902,1974,personal
"Tübke, Werner",1929,2004,personal
"Twombly, Cy",1928,,personal
"Tzara, Tristan",1896,1963,personal
"Uecker, Günther",1930,,personal
"Ungers, Oswald M.",1926,2007,personal
"Vasarely, Victor",1906,1997,personal
"Velde, Henry van de",1863,1957,personal
"Vogel, Wladimir",1896,1984,personal
"Vogeler, Heinrich",1872,1942,personal
"Vordemberge-Gildewart, Friedrich",1899,1962,personal
"Wagner, Otto",1841,1918,personal
"Weill, Kurt",1900,1950,personal
"Weiss, Peter",1916,1982,personal
"Weissenborn, Hellmuth",1898,1982,personal
"Werefkin, Marianne von",1860,1938,personal
"Werfel, Franz",1890,1945,personal
"Werner, Theodor",1886,1969,personal
"Wessel, Wilhelm",1904,1971,personal
"Wieghardt, Paul",1897,1969,personal
"Wigand, Albert",1890,1978,personal
"Wilder, Thornton",1897,1975,personal
"Wilding, Ludwig",1927,,personal
"Winter, Fritz",1905,1976,personal
"Wittkugel, Klaus",1910,1985,personal
Wols,1913,1951,personal
"Wotruba, Fritz",1907,1975,personal
"Wright, Frank Lloyd",1867,1959,personal
"Zuckmayer, Carl",1896,1977,personal
"Zwart, Piet",1885,1977,personal
"Zweig, Arnold",1887,1968,personal
"Domela, César",1900,1992,personal
"Grieshaber, HAP",1909,1981,personal
"Majakovskij, Vladimir V.",1893,1930,personal
"Malevic, Kazimir S.",1878,1935,personal
"Rodcenko, Aleksandr M.",1891,1956,personal
"Roosevelt, Eleanor",1884,1962,personal
"Stravinsky, Igor",1882,1971,personal
"Wells, Herbert G.",1866,1946,personal
"Adler, Jankel",1895,1949,personal
"Allmers, Robert",1872,1951,personal
"Altenbourg, Gerhard",1926,1989,personal
"Anker, Alfons",1872,1958,personal
"Archipenko, Alexander",1887,1964,personal
"Baerwind, Rudi",1910,1982,personal
"Bampi, Richard",1896,1965,personal
"Baschant, Rudolf",1897,1955,personal
"Bauch, Kurt",1897,1975,personal
"Bekker vom Rath, Hanna",1893,1983,personal
"Berlewi, Henryk",1894,,personal
"Böhm, Gottfried",1920,,personal
"Bogler, Theodor",1897,1968,personal
"Bontjes van Beek, Jan",1899,1969,personal
"Botta, Mario",1943,,personal
"Biermann, Georg",1880,1949,personal
"Blacher, Boris",1903,1975,personal
"Burchartz, Max",1887,1961,personal
"Calder, Alexander",1898,1976,personal
"Camaro, Alexander",1901,1992,personal
"Capa, Robert",1913,1954,personal
"Cavael, Rolf",1898,1979,personal
"Conant, James Bryant",1893,1978,personal
"Brâncusi, Constantin",1876,1957,personal
"Braun-Feldweg, Wilhelm",1908,1998,personal
"Brecht, Arnold",1884,1977,personal
"Breuer, Leo",1893,1975,personal
"Breuer, Marcel",1902,1981,personal
"Brockmann, Gottfried",1903,1983,personal
Le Corbusier,1887,1965,personal
"Dexel, Walter",1890,1973,personal
"Dehmel, Ida",1870,1942,personal
"Dehmel, Richard",1863,1920,personal
"Dobers, Paul",1885,1959,personal
"Dorner, Alexander",1893,1957,personal
"Düttmann, Werner",1921,1983,personal
"Eesteren, Cornelis van",1897,1988,personal
"Endell, August",1871,1925,personal
"Eulenberg, Herbert",1876,1949,personal
"Forbat, Fred",1897,1972,personal
"Erdmann, Eduard",1896,1958,personal
"Feininger, Andreas",1906,1999,personal
Fidus,1868,1948,personal
"Finsterlin, Hermann",1887,1973,personal
"Ehmcke, Fritz Helmut",1878,1965,personal
"Eiermann, Egon",1904,1970,personal
"Fischer, Theodor",1862,1938,personal
"Fuller, Richard Buckminster",1895,1983,personal
"Gill, Eric",1882,1940,personal
"Gilles, Werner",1894,1961,personal
"Gleichmann, Otto",1887,1963,personal
"Gleizes, Albert",1881,1953,personal
"Goepfert, Hermann",1926,1982,personal
"Goeritz, Mathias",1915,1990,personal
"Götz, Karl Otto",1914,2017,personal
"Goldschmidt, Hermann Levin",1914,1998,personal
"Gomringer, Eugen",1925,,personal
"Gowa, Henry",1902,1990,personal
"Graeff, Werner",1901,1978,personal
"Grassi, Ernesto",1902,1991,personal
"Grochowiak, Thomas",1914,2012,personal
"Grohmann, Will",1887,1968,personal
"Grote, Ludwig",1893,1974,personal
"Häring, Hugo",1882,1958,personal
"Hahs, Erwin",1887,1970,personal
"Hajek-Halke, Heinz",1898,1983,personal
"Hanfstaengl, Eberhard",1886,1973,personal
"Hardt, Ernst",1876,1947,personal
"Hartung, Karl",1908,1967,personal
"Hartwig, Josef",1880,1955,personal
"Herking, Ursula",1912,1974,personal
"Hesse, Fritz",1881,1973,personal
"Hillebrecht, Rudolf",1910,1999,personal
"Höger, Fritz",1877,1949,personal
"Hoffmann, Ludwig",1852,1932,personal
"Hoffmann-Lederer, Hanns",1899,1970,personal
"Ihering, Herbert",1888,1977,personal
"Hebebrand, Werner",1899,1966,personal
"Hegner, Jakob",1882,1962,personal
"Held, Al",1928,2005,personal
"Hentzen, Alfred",1903,1984,personal
"Itten, Johannes",1888,1967,personal
"Jacobsen, Arne",1902,1971,personal
"Jaeckel, Willy",1888,1944,personal
"Johns, Jasper",1930,,personal
"Johnson, Philip",1906,2005,personal
"De Kooning, Willem",1904,1997,personal
"Kadow, Elisabeth",1906,1979,personal
"Kadow, Gerhard",1909,1981,personal
"Kaesbach, Walter",1879,1961,personal
"Kahnweiler, Daniel-Henry",1884,1979,personal
"Garnier, Tony",1869,1948,personal
"Gropius, Martin",1824,1880,personal
"Hammer, Walter",1888,1966,personal
"Kamphausen, Alfred",1906,1982,personal
"Kanoldt, Alexander",1881,1939,personal
"Karsch, Joachim",1897,1945,personal
"Kerg, Théo",1909,1993,personal
"Kesting, Edmund",1892,1970,personal
"Keyserling, Hermann",1880,1946,personal
"Bauer, Rudolf",1889,1954,personal
"Klein, Cesar",1876,1954,personal
"Kleint, Boris",1903,1996,personal
"Kubsch, Hermann Werner",1911,1983,personal
"Kükelhaus, Hugo",1900,1984,personal
"Ladendorf, Heinz",1909,1992,personal
"Lankheit, Klaus",1913,1992,personal
"Lauweriks, Johannes Ludovicus Mathieu",1864,1932,personal
"Leistikow, Hans",1892,1962,personal
"Lortz, Helmut",1920,2007,personal
"Luckhardt, Hans",1890,1954,personal
"Luckhardt, Wassili",1889,1972,personal
"Lüders, Marie-Elisabeth",1878,1966,personal
"Mack, Heinz",1931,,personal
"May, Ernst",1886,1970,personal
"Meidner, Ludwig",1884,1966,personal
"Meyer-Amden, Otto",1885,1933,personal
"Molzahn, Johannes",1892,1965,personal
"Neutra, Richard Joseph",1892,1970,personal
"Niessen, Carl",1890,1969,personal
"Mumford, Lewis",1895,1990,personal
"Oelze, Richard",1900,1980,personal
"Oesterlen, Dieter",1911,1994,personal
"Moser, Koloman",1868,1918,personal
"Mueller, Otto",1874,1930,personal
"Nebel, Otto",1892,1973,personal
"Neufert, Ernst",1900,1986,personal
"Otto, Teo",1904,1968,personal
"Oud, Jacobus J. P.",1890,1963,personal
"Palucca, Gret",1902,1993,personal
"Pankok, Bernhard",1872,1943,personal
"Paul, Bruno",1874,1968,personal
"Poelzig, Hans",1869,1936,personal
"Post, Herbert",1903,1978,personal
"Prouvé, Jean",1901,1984,personal
"Piene, Otto",1928,2014,personal
"Räderscheidt, Anton",1892,1970,personal
"Redslob, Edwin",1884,1973,personal
"Reifenberg, Benno",1892,1970,personal
"Renner, Paul",1878,1956,personal
"Rivera, Diego",1886,1957,personal
"Jooss, Kurt",1901,1979,personal
"Schäfer-Ast, Albert",1890,1951,personal
"Rainer, Roland",1910,,personal
"Rose, Katja",1905,,personal
"Rüegg-Leuthold, Melanie",1906,1997,personal
"Sahl, Hans",1902,1993,personal
"Sandberg, Willem Jacob Henri Berend",1897,1984,personal
"Stadler, Toni",1888,1982,personal
"Stankowski, Anton",1906,1998,personal
"Steinert, Otto",1915,1978,personal
"Stella, Frank",1936,,personal
"Taeuber-Arp, Sophie",1889,1943,personal
"Tatlin, Vladimir E.",1885,1953,personal
"Scheffler, Karl",1869,1951,personal
"Scheibe, Richard",1879,1964,personal
"Scherchen, Hermann",1891,1966,personal
"Stirling, James",1926,1992,personal
"Taut, Max",1884,1967,personal
"Teuwen, Wilhelm",1908,1967,personal
"Thiersch, Paul",1879,1928,personal
"Schoffers, Irm",1927,,personal
"Schmidt-Rottluff, Karl",1884,1976,personal
"Schmölz, Hugo",1879,1938,personal
"Schwerdtfeger, Kurt",1897,1966,personal
"Seifert, Alwin",1890,1972,personal
"Trökes, Heinz",1913,1997,personal
"Schütte-Lihotzky, Margarete",1897,2000,personal
"Schwagenscheidt, Walter",1886,1968,personal
"Walter, Otto F.",1928,1994,personal
"Shahn, Ben",1898,1969,personal
"Weiss, Emil Rudolf",1875,1942,personal
"Wersin, Wolfgang von",1882,1976,personal
"Wewerka, Stefan",1928,,personal
"Wicki, Bernhard",1919,2000,personal
"Verkauf, Willy",1917,1994,personal
"Wagenfeld, Wilhelm",1900,1990,personal
"Wagner, Wolfgang",1919,2010,personal
"Walden, Herwarth",1878,1941,personal
"Ziegler, Richard",1891,1992,personal
"Hentrich, Helmut",1905,2001,personal
"Hilberseimer, Ludwig",1885,1967,personal
"Junkers, Hugo",1859,1935,personal
"Kantor, Tadeusz",1915,1990,personal
"Kolbe, Georg",1877,1947,personal
"Kreis, Wilhelm",1873,1955,personal
"Krier, Léon",1946,,personal
"Krier, Rob",1938,,personal
"Marinetti, Filippo Tommaso",1876,1944,personal
"Nerlinger, Oskar",1893,1969,personal
"Peiper, Tadeusz",1891,1969,personal
"Pevsner, Nikolaus",1902,1983,personal
"Rockefeller, Nelson A.",1908,1979,personal
"Schindler, Rudolph M.",1887,1953,personal
"Schmied, Wieland",1929,,personal
"Serra, Richard",1939,,personal
"Ammann, Walter R.",1888,1953,personal
"Stevenson, Adlai Ewing",1900,1965,personal
"Stieglitz, Alfred",1864,1946,personal
"Strnad, Oskar",1879,1935,personal
"Strzygowski, Josef",1862,1941,personal
"Cassandre, A. M.",1901,1968,personal
"Eisenstaedt, Alfred",1898,1995,personal
"Grisebach, Hanna",1899,1988,personal
"Terragni, Giuseppe",1904,1943,personal
"Vantongerloo, Georges",1886,1965,personal
"Sax, Ursula",1935,,personal
"Scarpa, Carlo",1906,1978,personal
"Wackernagel, Martin",1881,1962,personal
"Wagner, Martin",1885,1957,personal
"Wigman, Mary",1886,1973,personal
"Hollein, Hans",1934,,personal
"Ruf, Sep",1908,1982,personal
"Roth, Alfred",1903,1998,personal
"Seidenstücker, Friedrich",1882,1966,personal
"Wachsmann, Konrad",1901,1980,personal
"Fuchs, Bohuslav",1895,1972,personal
"Levedag, Fritz",1899,1951,personal
"Birman-Oestreicher, Lisbeth",1902,1989,personal
"Prinzhorn, Hans",1886,1933,personal
"Pfeiffer-Belli, Erich",1901,1989,personal
"Jahn, Helmut",1940,,personal
"Wittwer, Hans",1894,1952,personal
"Segal, Arthur",1875,1944,personal
"Kotzsch, August",1836,1910,personal
"Neuy, Heinrich",1911,2003,personal
"Fuhrmann, Ernst",1886,1956,personal
"Groß, Claus-Peter",1923,2002,personal
"Stölzl, Gunta",1897,1983,personal
"Tudor-Hart, Edith",1908,1973,personal
"Jacoby, Heinrich",1889,1964,personal
"Porter, Allan",1934,,personal
"Wallot, Paul",1841,1912,personal
"Sert, José Luis",1902,1983,personal
"Leppien, Jean",1910,1991,personal
"Mächler, Martin",1881,1958,personal
"Siedler, Wolf Jobst",1926,,personal
"Besnyö, Eva",1910,,personal
"Weber, Vincent",1902,1990,personal
"Düne, Hans",1900,1985,personal
"Biermann, Aenne",1898,1933,personal
"Olbricht, Alexander",1876,1942,personal
"Hesse, Wolfgang",1913,,personal
"Kline, Franz",1910,1962,personal
"Louis, Morris",1912,1962,personal
"Reich, Lilly",1885,1947,personal
"Sironi, Mario",1885,1961,personal
"Schiess, Hans R.",1904,1978,personal
"Ralfs, Otto",1892,1955,personal
"Schneider-Esleben, Paul",1915,2005,personal
"Thompson, Dorothy",1894,1961,personal
"Baumgarten, Paul",1900,1984,personal
"Däubler, Theodor",1876,1934,personal
"Leiteritz, Margaret",1907,1976,personal
"Peiffer Watenphul, Max",1896,1976,personal
"Berggruen, Heinz",1914,2007,personal
"Segal, Walter",1907,1985,personal
"Engler, Heinz",1928,1986,personal
"Consemüller, Erich",1902,1957,personal
"Frank, Robert",09.11.1924,,personal
"Doetsch-Benziger, Richard",1877,1958,personal
"Reuther, Walter P.",1907,1970,personal
"Bjerke Petersen, Vilhelm",1909,1957,personal
"Soupault, Ré",1901,1996,personal
"Feininger, Laurence",1909,1976,personal
"Cartier-Bresson, Henri",1908,2004,personal
"Haller, Fritz",1924,,personal
"Sottsass, Ettore",1917,2007,personal
"Menzel, Walter",1901,1963,personal
"Colani, Luigi",1928,,personal
"Michel, Robert",1897,1983,personal
"Nessler, Walter",1912,2001,personal
"Bergmann-Michel, Ella",1896,1971,personal
"Drexel, Christof",1886,1979,personal
"Schneck, Adolf G.",1883,1971,personal
"Bellini, Mario",1935,,personal
"Schlesinger, Gil",1931,,personal
"Judd, Donald",1928,1994,personal
"Baumann, Hans Theo",1924,,personal
"Barr, Alfred Hamilton",1902,1981,personal
"Pei, Ieoh M.",1917,,personal
"Ley-Piscator, Maria",1900,1999,personal
"Walden, Nell",1887,1975,personal
"Schultze-Naumburg, Paul",1869,1949,personal
"Kleihues, Josef Paul",1933,2004,personal
"Eisenman, Peter",1932,,personal
"Piano, Renzo",1937,,personal
"Schürmann, Joachim",1926,,personal
"Valenti, Italo",1912,1995,personal
"Asplund, Erik Gunnar",1885,1940,personal
"Wildenhain, Marguerite",1896,1985,personal
"Stone, Sasha",1895,1940,personal
"Gehry, Frank O.",1929,,personal
"Laabs, Hans",1915,2004,personal
"Vorhoelzer, Robert",1884,1954,personal
"Giedion, Sigfried",1888,1968,personal
Horst,1906,1999,personal
"Bing, Ilse",1899,1998,personal
"Weininger, Andor",1899,1986,personal
"Gidal, Nahûm Tim",1909,1996,personal
"Starck, Philippe",1949,,personal
"Goncarova, Natalija S.",1881,1962,personal
"Gutbrod, Konrad Rolf Dietrich",1910,1999,personal
"Elsaesser, Martin",1884,1957,personal
"Welzenbacher, Lois",1889,1955,personal
"Ruegenberg, Sergius",1903,1996,personal
"Gruber, Karl",1885,1966,personal
"Breslauer, Marianne",1909,2001,personal
"Evers, Hans Gerhard",1900,1993,personal
"Teige, Karel",1900,1951,personal
"Flechtheim, Alfred",1878,1937,personal
"Hillebrand, Lucy",1906,1997,personal
"Fleischmann, Adolf",1892,1968,personal
"Goldberg, Bertrand",1913,,personal
"Hartwig, Emil Bert",1907,1996,personal
"Gray, Eileen",1878,1976,personal
"Koch, Alexander",1860,1939,personal
"Willberg, Hans Peter",1930,2003,personal
"Kiesler, Frederick",1890,1965,personal
"Wolfe, Tom",1931,,personal
"Mieth, Hansel",1910,1998,personal
"Brechbühler, Hans",1907,1989,personal
"Slutzky, Naum",1894,1965,personal
"Welliver, Neil",1929,2005,personal
"Henningsen, Poul",1894,1967,personal
"Schreyer, Lothar",1886,1966,personal
"Heister, Hans-Siebert von",1888,1967,personal
"Kobro, Katarzyna",1898,1951,personal
"Scheper, Hinnerk",1897,1957,personal
"Fehling, Ilse",1896,1982,personal
"Pörtner, Paul",1925,1984,personal
"Crouwel, Wim",1928,,personal
"Reuter, Edzard",1928,,personal
"Finsler, Hans",1891,1972,personal
"Hege, Walter",1893,1955,personal
"Popova, Ljubov' S.",1889,1924,personal
"Hartogh, Rudolf Franz",1889,1960,personal
"Treskow, Elisabeth",1898,,personal
"Röhl, Karl Peter",1890,1975,personal
"Henri, Florence",1893,1982,personal
"Sartoris, Alberto",1901,1998,personal
"Sant'Elia, Antonio",1888,1916,personal
"Gaudí, Antoni",1852,1926,personal
"Gutkind, Erwin Anton",1886,1968,personal
"Schmalenbach, Werner",1920,2010,personal
"Bohner, Gerhard",1936,1992,personal
"Hassenpflug, Gustav",1907,1977,personal
"Moholy, Lucia",1894,1989,personal
"Baller, Hinrich",1936,,personal
"Dicker, Friedl",1898,1944,personal
"Jucker, Carl Jacob",1902,1997,personal
"Kiehl, Reinhold",1874,1913,personal
"Frey, Albert",1903,1998,personal
"Schultz, Lili",1895,1990,personal
"Stam, Mart",1899,1986,personal
"Katz, Hanns Ludwig",1892,1940,personal
"Magnussen, Erik",1940,,personal
"Merz, Gerhard",1947,,personal
"Löwengard, Kurt",1895,1940,personal
"Stuckenberg, Fritz",1881,1944,personal
"Saarinen, Eliel",1873,1950,personal
"Schriefers, Werner",1926,2003,personal
"Arndt, Alfred",1898,1976,personal
"Arndt, Gertrud",1903,2000,personal
"Ruttmann, Walter",1887,1941,personal
"Flocon, Albert",1909,1994,personal
"Oestergaard, Heinz",1916,2003,personal
"Metzendorf, Georg",1874,1934,personal
"Henze, Wilhelm",1908,1996,personal
"Ross, Werner",1912,2002,personal
"Schikowski, John",1867,1934,personal
"Weston, Edward",1886,1958,personal
"Mueller, Albert",1884,1963,personal
"Sassoon, Vidal",1928,,personal
"Zeidler, Eberhard H.",1926,,personal
"Niesmann, Adolf Georg",1899,1990,personal
"Clemens, Roman",1910,1992,personal
"Matjusin, Michail V.",1861,1934,personal
"Berko, Ferenc",1916,2000,personal
"Ernst, Joseph C.",1905,1987,personal
"Romberg, Osvaldo",1938,,personal
"Ragon, Michel",1924,,personal
"Schneider, Karl",1892,1945,personal
"Bollhagen, Hedwig",1907,2001,personal
"Olderock, Max",1895,1972,personal
"Pitz, Fritz",1923,,personal
"Gerliczy, Emil von",1871,1924,personal
"Grill, Walter",1937,,personal
"Rading, Adolf",1888,1957,personal
"Wegehaupt, Herbert",1905,1959,personal
"Albers, Anni",1899,1994,personal
"Zehrfuss, Bernard",1911,1996,personal
"Kuhr, Fritz",1899,1975,personal
"Sapper, Richard",1932,,personal
"Cohrs, Adolf-Georg B.",1908,1993,personal
"Bedra, Paul",1912,,personal
"Survage, Léopold",1879,1968,personal
"Ludwig, Gerhard",1909,,personal
"Günther, Kurt",1893,1955,personal
"Schrag, Karl",1912,1995,personal
"Valentiner, Wilhelm Reinhold",1880,1958,personal
"Hofmann, Otto",1907,1996,personal
"Buddensieg, Tilmann",1928,,personal
"Arma, Paul",1905,1987,personal
"Voysey, Charles F. A.",1857,1941,personal
"Lindig, Otto",1895,1966,personal
"Christaller, Walter",1893,1969,personal
"Ebert, Wils",1909,1979,personal
"Schmidt, Hans",1893,1972,personal
"Imkamp, Wilhelm",1906,1990,personal
"Rohde, Werner",1906,1990,personal
"Thun, Matteo",1952,,personal
"Rubinstein, Hilde",1904,1997,personal
"Grewenig, Leo",1898,1991,personal
"Stangl, Otto",1915,1990,personal
"Wiedamann, Eugen",1873,,personal
"Ehrhardt, Alfred",1901,1984,personal
"Deppert, Fritz",1932,,personal
"Ahlfeld-Heymann, Marianne",1905,2003,personal
"Konstantinides, Ares",1913,1993,personal
"Blake, Peter",1920,2006,personal
"Behrens, Franz Richard",1895,1977,personal
"Szabó, István",1938,,personal
"Breustedt, Hans Joachim",1901,1984,personal
"Reichow, Hans Bernhard",1899,1974,personal
"Witzemann, Herta-Maria",1918,1999,personal
"Peterhans, Walter",1897,1960,personal
"Stern, Irma",1894,1966,personal
"Grossberg, Carl",1894,1940,personal
"Bauer, Victor",1902,1959,personal
"Newhall, Beaumont",1908,1993,personal
"Müller, Richard",1874,1954,personal
"Behne, Adolf",1885,1948,personal
"Noland, Kenneth",1924,,personal
"Hoffmann, Hubert",1904,1999,personal
"Zevi, Bruno",1918,2000,personal
"Koch-Otte, Benita",1892,1976,personal
"Reichardt, Grete",1907,1984,personal
"Bunshaft, Gordon",1909,1990,personal
"Körting, Lisa",1926,,personal
"Löb, Kurt",1926,,personal
"Gorin, Jean",1899,1981,personal
"Ardôn, Mordekay",1896,1992,personal
"Grohs, Hans",1892,1981,personal
"Sarton, George",1884,1956,personal
"Kahn, Albert",1869,1942,personal
"Toepfer, Alfred C.",1894,1993,personal
"Wolpe, Stefan",1902,1972,personal
"Lehning, Arthur",1899,2000,personal
"Zech, Piter",1927,1984,personal
"Gitai, Munio",1909,1973,personal
"Kotík, Jan",1916,2002,personal
"Junge, Walter",1905,1990,personal
"Bluhm, Norman",1920,,personal
"Hervé, Lucien",1910,,personal
"Stazewski, Henryk",1894,1988,personal
"Argan, Giulio Carlo",1909,1992,personal
"Veronesi, Luigi",1908,1998,personal
"Kessinger, Petra",1905,1959,personal
"Lionni, Leo",1910,1999,personal
"Roters, Eberhard",1929,1994,personal
Umbo,1902,1980,personal
"Müller-Brockmann, Josef",1914,1996,personal
"Comarnescu, Petru",1905,1970,personal
"Eames, Charles",1907,1978,personal
"Eames, Ray",1912,1988,personal
"Lurçat, André",1894,1970,personal
"Wurster, William",1895,1973,personal
"Stern, Grete",1904,1999,personal
"Jacobi, Lotte",1896,1990,personal
"Westheim, Paul",1886,1963,personal
"Prutscher, Otto",1880,1949,personal
"Ponti, Gio",1891,1979,personal
"Brandt, Marianne",1893,1983,personal
"Rochowanski, Leopold W.",1885,1961,personal
"Dudok, Willem Marinus",1884,1974,personal
"Coppola, Horacio",1906,,personal
"Marcks-Penzig, Else",1887,1950,personal
"Jappe, Georg",1936,2007,personal
"Meyer, Adolf",1881,1929,personal
"Behrens, Till",1931,,personal
"Prampolini, Enrico",1894,1956,personal
"Talhoff, Albert",1888,1956,personal
"Schumacher, Hans",1891,1982,personal
"Kreibig, Erwin von",1904,1961,personal
"Gretsch, Hermann",1895,1950,personal
"Andriesse, Emmy",1914,1953,personal
"Reidemeister, Leopold",1900,1987,personal
"Pannaggi, Ivo",1901,1981,personal
"Sauerborn, Aen",1933,,personal
"Gifford, Don",1924,,personal
"Straumer, Heinrich",1876,1937,personal
"Ritter, Hubert",1886,1967,personal
"Marc, Maria",1876,1955,personal
"Petri, Trude",1906,,personal
"Astfalck-Vietz, Marta",1901,1994,personal
"Rand, Paul",1914,1996,personal
"Feist, Werner David",1909,1998,personal
"Adam, Ken",1921,2016,personal
"Zweig, Beatrice",1892,1971,personal
"Schweizer, Otto Ernst",1890,1965,personal
"Zweifel, Jakob",1921,2010,personal
"Field, Hermann H.",1910,,personal
"Hessen und bei Rhein, Ludwig von",1908,1968,personal
"Feininger, Theodore Lux",1910,,personal
"Bossard, Johann Michael",1874,1950,personal
"Lubetkin, Berthold",1901,1990,personal
"Tolziner, Philipp",1906,1996,personal
"Wechs, Thomas",1893,1970,personal
"Nauhaus, Wilhelm",1899,1979,personal
"Johansen, John MacLane",29.06.1916,26.10.2012,personal
"Giedion-Welcker, Carola",1893,1979,personal
"Schwarz, Arturo",1924,,personal
"Costa, Lúcio",1902,1998,personal
"Funkat, Walter",1906,,personal
"Riphahn, Wilhelm",1889,1963,personal
"Tanaka, Ikko",1930,2002,personal
"Muthesius, Eckart",1904,1989,personal
"Gadebusch, Dedo",1936,,personal
"Friedlaender, Henri",1904,1996,personal
"Bernstiel, Liebfriede",1915,1998,personal
"Ortner, Rudolf",1912,1997,personal
"Blühová, Irena",1904,1991,personal
"Spencer, Franz",1897,1971,personal
"Koussevitzky, Serge",1874,1951,personal
"Hennig, Albert",1907,1998,personal
"Banham, Reyner",1922,1988,personal
"Klee, Felix",1907,1990,personal
"Fischinger, Oskar",1900,1967,personal
"Püschel, Konrad",1907,1997,personal
"Bill, Jakob",1942,,personal
"Dreyfuss, Henry",1904,1972,personal
"Zucker, Paul",1890,1971,personal
"Engelmann, Richard",1868,1966,personal
"Hackelberg, Wilhelm",1904,1985,personal
"Gugg, Hugo",1878,1956,personal
"Otlet, Paul",1868,1944,personal
"Wolpe, Berthold",1905,1989,personal
"Sabarsky, Serge",1912,1996,personal
"Fleckhaus, Willy",1925,1983,personal
"Auböck, Carl",1900,1957,personal
"Münker, Wilhelm",1874,1970,personal
"Neutra, Dione",1901,,personal
"Hildebrandt, Lily",1887,1974,personal
"Rehm, Max",1896,1992,personal
"Weschler, Lawrence",1952,,personal
"Auerbach, Ellen",1906,2004,personal
"Gutschow, Niels",1941,,personal
"Siedhoff-Buscher, Alma",1899,1944,personal
"Klerk, Michel de",1884,1923,personal
"Magnago Lampugnani, Vittorio",1951,,personal
"Ehrlich, Franz",1907,1984,personal
"Stam-Beese, Lotte",1903,1988,personal
"Pahl, Pius E.",1909,2003,personal
"Lewy, Fritz",1893,1950,personal
"Herter, Christian Archibald",1895,1966,personal
"Spies, Werner",1937,,personal
"Moegle, Willi",1897,1989,personal
"Bárdy, Margit",1929,,personal
"Junghanns, Kurt",1908,2006,personal
"Schnaidt, Claude",1931,2007,personal
"Albini, Franco",1905,1977,personal
"Meyer, Peter",1894,1984,personal
"Schnebli, Dolf",1928,2009,personal
"Winkler, Robert",1898,1973,personal
"Hofmann, Werner",08.08.1928,13.03.2013,personal
"Billeter, Fritz",1929,,personal
"Meller-Tomljenovic, Ivana",1906,1988,personal
"Djulgheroff, Nicolai",1901,1982,personal
"Steeg, Elde",1908,1988,personal
"Kroha, Jirí",1893,1974,personal
"Bröhan, Karl H.",1921,2000,personal
"Brocksieper, Heinrich",1898,1968,personal
"Franzen, Ulrich",1921,,personal
"Lehmann-Haupt, Hellmut",1903,1993,personal
"Weiner-Král, Imro",1901,,personal
"Spielmann, Heinz",1930,,personal
"Jahny, Margarete",1923,,personal
"Larsen, Jack Lenor",1927,,personal
"Domizlaff, Hildegard",1898,1987,personal
"Mühll, Henri-Robert von der",1898,1980,personal
"Thiemann-Stoedtner, Ottilie",1890,1987,personal
"Arend, Herbert von",1910,2001,personal
"Zollinger, Otto",1886,1970,personal
"Frank, Josef",1889,,personal
"Zeisel, Eva",1906,,personal
"Arup, Ove Nyquist",1895,1988,personal
"Wolff-Grohmann, Hans",1903,2000,personal
"Pfeifer, Otto",1914,,personal
"Schrammen, Eberhard",1886,1947,personal
"Fisker, Kay",1893,1965,personal
"Panton, Verner",1926,1998,personal
"Dorfner, Otto",1885,1955,personal
"Waehner, Trude",1900,1979,personal
"Korn, Arthur",1891,1978,personal
"Troschel, Hans",1899,1979,personal
"Yamawaki, Iwao",1898,1987,personal
"Bächer, Max",07.04.1925,11.12.2011,personal
"Vries, Theun de",1907,2005,personal
"Weingart, Wolfgang",1941,,personal
"Hirschfeld-Mack, Ludwig",1893,1965,personal
"Ellwood, Craig",1922,1992,personal
"Oberste-Berghaus, Günther",1895,1950,personal
"Hudnut, Joseph",1886,1968,personal
"Halkett, George René",1900,1983,personal
"Grüß, Hans",1929,2001,personal
"Knauthe, Martin",1889,1942,personal
"Linder, Paul",1897,1968,personal
"Basedow, Heinrich",1896,1994,personal
"Borngräber, Christian",1945,1992,personal
"Baugniet, Marcel-Louis",1896,1995,personal
"Frankl, Volfgango",1907,,personal
"Koch, Heinrich",1896,1934,personal
"Drew, Jane",1911,1996,personal
"Krejcar, Jaromír",1895,1950,personal
"Cernigoj, Avgust",1898,1985,personal
"Molnar, Farkas",1897,1945,personal
"Mandrot, Hélène de",1867,1948,personal
"Delavilla, Franz Karl",1884,1967,personal
"Bertonati, Emilio",1934,1981,personal
"Fry, Maxwell",1899,1987,personal
"Browne, Byron",1907,1961,personal
"Wick, Rainer K.",1944,,personal
"Doede, Werner",1904,2000,personal
"Kallin-Fischer, Grit",1897,1973,personal
"Errell, Lotte",1903,1991,personal
"Wurster, Catherine Bauer",1905,1964,personal
"Klihm, Hans Hellmut",1917,1980,personal
"Fagone, Vittorio",1933,,personal
"Reichle, Paul",1900,1981,personal
"Tamms, Friedrich",1904,1980,personal
"Cetto, Max",1903,1980,personal
"Zumpe, Manfred",1930,,personal
"Bijvoet, Bernard",1889,1979,personal
"Rimpl, Herbert",1902,1978,personal
"Mengeringhausen, Max",1903,1988,personal
"Schmidt, Joost",1893,1948,personal
"Mögelin, Else",1887,1982,personal
"Neuner, Hannes",1906,1978,personal
"Dreier, Franz Adrian",1924,2000,personal
"Dustmann, Hanns",1902,1979,personal
"Bortnyik, Sándor",1893,1976,personal
"Weidemeyer, Carl",1882,1976,personal
"Gindler, Elsa",1885,1961,personal
"Ludwig, Sophie",1901,1997,personal
"Grunow, Gertrud",1870,1944,personal
"Eckardt, Wolf von",1918,1995,personal
"Weström, Hilde",1912,,personal
"Schleger, Hans",1898,1976,personal
"Heiberg, Edvard",1897,1958,personal
"Marx, Carl",1911,1991,personal
"Guyer, Lux",1894,1955,personal
"Dobe, Paul",1880,,personal
"Driesch, Johannes",1901,1930,personal
"Bortoluzzi, Alfredo",1905,1995,personal
"Asquith, Anthony",1902,1968,personal
"Barthelmess, Claus Rudolf",1900,1970,personal
"Wiegers, Jan",1893,1959,personal
"Schwichtenberg, Martel",1896,1945,personal
"Rudofsky, Bernard",1905,1988,personal
"Dell, Christian",1893,1974,personal
"Bellmann, Hans",1911,1990,personal
"Bogler, Friedrich Wilhelm",1902,1945,personal
"Held, Louis",1851,1927,personal
"Tschaschnig, Fritz",1904,2007,personal
"Brademann, Richard",1884,1965,personal
"Kittel, Hubert",1953,,personal
"Scheyer, Galka E.",1889,1945,personal
"Bornemann, Fritz",1912,2007,personal
"Bouvet, Mila",1902,,personal
"Weiner, Tibor",1906,1965,personal
"Rossmann, Zdenek",1905,1986,personal
"Zraly, Václav",1906,,personal
"Bücking, Peer",1906,1940,personal
"Krajewski, Max",1901,1971,personal
"Weinfeld, Jean",1905,1992,personal
"Hecht, Edgar",1904,,personal
"Senn, Otto",1902,,personal
"Richter, Kurt Dietmar",1931,,personal
"Neugeboren, Heinrich",1901,1959,personal
"Grisebach, Hans",1848,1904,personal
"Löffelhardt, Heinrich",1901,1979,personal
"Perls, Hugo",1886,1977,personal
"Perls, Käthe",1899,1945,personal
"Raichle, Karl",1889,1965,personal
"Hermkes, Bernhard",1903,1995,personal
"Harksen, Hans",1897,1985,personal
"Guske, Wilhelm",1880,1957,personal
"Rasch, Emil",1904,1971,personal
"Raviv-Vorobeichic, Moshé",1904,1995,personal
"Cyrenius, Maria",1872,1959,personal
"Helm, Dörte",1898,1941,personal
"Aichele, Kathryn Porter",1947,,personal
"Scheidig, Walther",1902,1977,personal
"Pommeranz-Liedtke, Gerhard",1909,1974,personal
"Neumann, J. B.",1887,1961,personal
"Meyer, Kurt",1895,,personal
"Wildenhain, Frans",1905,1980,personal
"Clasing, Heinrich",1911,1989,personal
"Jaffé, Hans Ludwig C.",1915,1984,personal
"d'Ebneth, Lajos",1902,,personal
"Mendelsohn, Luise",1894,1980,personal
"Pfeil, Friedrich",1909,1965,personal
"Gruen, Victor",1903,1980,personal
"Fränkel, Rudolf",1901,1974,personal
"Thiemann, Elsa",1910,1981,personal
"Maur, Karin von",1938,,personal
"Ballhause, Walter",1911,,personal
"Heymann-Marks, Grete",1899,1990,personal
"Beyer-Volger, Lis",1906,1973,personal
"Hilker, Reinhard",1899,1961,personal
"Slapeta, Lubomír",1908,1983,personal
"Zweigenthal, Hermann",1904,1968,personal
"Jannowitz, Trude",1910,,personal
"Bons, Jan",1918,,personal
"Coke, Van Deren",1921,2004,personal
"Topp, Arnold",1887,1945,personal
"Ausborn, Gerhard",1933,,personal
"Schwab, Alexander",1887,1943,personal
"Determann, Walter",1889,1960,personal
"Petit, Eugène Claudius",1907,1989,personal
"Rhode, Werner",1884,,personal
"Rasch, Maria",1897,1959,personal
"Noyes, Eliot",1910,1977,personal
"Fieger, Carl",1893,1960,personal
"Sievers, Wolfgang",1913,,personal
"Hartung, Rolf",1908,,personal
"Best, Georg Jacob",1903,,personal
"Chermayeff, Serge",1900,1996,personal
"Brenner, Anton",1896,1957,personal
"Riege, Rudolf",1892,1959,personal
"May, Maria",1900,1966,personal
"Schmitthenner, Paul",1884,1972,personal
"Hartmann, Egon",1919,2009,personal
"Heuer, Joachim",1900,1994,personal
"Landau, Ergy",1896,1967,personal
"Opitz, Georg",1921,1987,personal
"Spiegel, Ferdinand",1879,1950,personal
"Mang, Karl",1922,,personal
"Goehl, Johannes",1936,,personal
"Schliephacke, Fridtjof",1930,1991,personal
"Ballmer, Theo",1902,1965,personal
"Kubicek, Juro",1906,1970,personal
"Jahn, Martin",1898,1981,personal
"Klee, Lily",1876,1946,personal
"Bienert, Ida",1870,1965,personal
"Sommerfield, Andrew",1886,1964,personal
"Schmid, Wilhelm",1892,,personal
"Germain, Jacques",1915,,personal
"Henn, Walter",1912,2006,personal
"Metzkes, Elrid",1932,,personal
"Vágó, Pierre",30.08.1910,27.01.2002,personal
"Fischer, Kitty",1908,,personal
"Rathlef-Keilmann, Harriet von",1888,1933,personal
"Konnerth, Lotte",1881,1950,personal
"Köhler, Margarete",1878,1964,personal
"Sklarek, Rolf",1906,1985,personal
"Schabbon, Wilhelm",1890,1962,personal
"Wolff, Toni",1888,1953,personal
"Schmidt, Arthur",1908,2007,personal
"Sitte, Franz",1907,,personal
"Adams, George",1904,1983,personal
"Guermonprez, Paul",1908,1944,personal
"Bernheim, Alfred",1885,1974,personal
"Schürmann, Herbert",1908,1982,personal
"Ebeling, Siegfried",1894,1963,personal
"Muche, El",1901,1980,personal
"Dülberg, Hedwig",1894,1944,personal
"Erps-Breuer, Marta",1902,1977,personal
"Ballmer, Walter",1923,,personal
"Moufang, Eva",1883,1963,personal
"Turner, Evan H.",1927,,personal
"Paulick, Rudolf",1908,,personal
"Stone, Edward Durell",1902,1978,personal
"Sachsenberg, Margarethe",1898,1978,personal
"Lazarus, Ludwig",1900,,personal
"Bernstein, Shlomo",1907,1956,personal
"Frenkel, Chanan",1905,1957,personal
"Weber, Gerhard",1909,1986,personal
"Funke, Hermann",1938,,personal
"Bücking, Peter",1906,1938,personal
"Schindelarz, Annika",1981,,personal
"Benscheidt, Karl",1858,1947,personal
"Fleming, Allan",1929,1977,personal
"Karsh, Malak",1915,2001,personal
"Klingeberg, Werner",1910,1982,personal
"Volger, Hans",1904,1973,personal
"Lohmar, Ulrich",1928,1991,personal
"Wolff, Robert Jay",1905,1978,personal
